,Máximo Sharpe,Mínima Varianza,Pesos iguales
AGUAS-A.SN,0.10545740034763565,0.33768691654695854,0.1111111111111111
BCI.SN,0.4184158491249633,0.03266188907155492,0.1111111111111111
BSANTANDER.SN,0.15067942511502633,0.16367381000760645,0.1111111111111111
CAP.SN,0.0,0.15085930334466147,0.1111111111111111
CENCOSUD.SN,1.5341460740669888e-17,0.0787896637717445,0.1111111111111111
CMPC.SN,9.215718466126788e-18,0.0019770916239495277,0.1111111111111111
COPEC.SN,3.604972223514302e-17,0.07857653369727043,0.1111111111111111
ENELCHILE.SN,0.08594937996329109,0.15404063863118933,0.1111111111111111
FALABELLA.SN,0.23949794544908368,0.0017341533050648412,0.1111111111111111
