,Máximo Sharpe,Mínima Varianza,Pesos iguales
AGUAS-A.SN,0.11255883974287668,0.3377929412954655,0.1111111111111111
BCI.SN,0.37067034358665196,0.00785049636490725,0.1111111111111111
BSANTANDER.SN,0.23858931545432752,0.14912672932088808,0.1111111111111111
CAP.SN,0.0,0.1576184529697472,0.1111111111111111
CENCOSUD.SN,1.6425662913155392e-17,0.09037482413001198,0.1111111111111111
CMPC.SN,0.0,0.0003705607448692724,0.1111111111111111
COPEC.SN,1.039207782327356e-16,0.08861578713046579,0.1111111111111111
ENELCHILE.SN,0.12310898217748988,0.16825020804364507,0.1111111111111111
FALABELLA.SN,0.15507251903865382,2.6020852139652106e-18,0.1111111111111111
