,Máximo Sharpe,Mínima Varianza,Pesos iguales
AGUAS-A.SN,0.10309998356517133,0.33766318698311626,0.1111111111111111
BCI.SN,0.41569097467072375,0.03247142052565569,0.1111111111111111
BSANTANDER.SN,0.15817721968143958,0.16417895881763397,0.1111111111111111
CAP.SN,4.4072818311535755e-17,0.15087042041227156,0.1111111111111111
CENCOSUD.SN,1.5178830414797062e-17,0.0788258903945841,0.1111111111111111
CMPC.SN,0.0,0.0015037737403080374,0.1111111111111111
COPEC.SN,2.222614453595284e-17,0.07858349109773682,0.1111111111111111
ENELCHILE.SN,0.08489514969072987,0.15411776139663125,0.1111111111111111
FALABELLA.SN,0.23813667239193542,0.0017850966320623431,0.1111111111111111
